{
  "pxboot_version": "1.0",
  "os": "Ubuntu 25.04",
  "file_url": "https://mirror.pilotfiber.com/ubuntu-iso/25.04/ubuntu-25.04-desktop-amd64.iso",
  "sha256": "1b144b9d64effd66b5332c8a29961d171bc15a03cd7b80f4df3f26b3e888320e",
  "boot_sample_b64": "62OQkJCQkJCQkJCQkJCQkJCQkJCQkJCQkJDrSSQSDwkAUr4bfDHAzRNGigyEyXUQ...",
  "boot_pixels": [
    {
      "r": 27,
      "g": 20,
      "b": 75
    },
    {
      "r": 157,
      "g": 100,
      "b": 239
    },
    {
      "r": 253,
      "g": 102,
      "b": 181
    },
    {
      "r": 51,
      "g": 44,
      "b": 138
    }
  ]
}